Locality,LGA,Split_id,ERP_2016,ERP_2056,EMP_2016,EMP_2056,Area,LGA_fid,2016,2036,2041
ABBOTSBURY,Fairfield (C),1764,6297.0,7102.0,723.0,1087.0,Abbotsbury,Fairfield City,4439.0,4581.0,
ABBOTSFORD,Canada Bay (A),1568,5601.0,6849.0,803.0,1354.0,,,,,
ACACIA GARDENS,Blacktown (C),1230,3958.0,5502.0,289.0,721.0,,,,,
AGNES BANKS,Penrith (C),1319,1392.0,1490.0,421.0,508.0,,,,,
AIRDS,Campbelltown (C) (NSW),526,2999.0,5305.0,592.0,906.0,Airds,Campbelltown City,3082.0,5108.0,
ALEXANDRIA,Sydney (C),4473,8655.0,12466.0,26386.0,35254.0,,,,,
ALFORDS POINT,Sutherland Shire (A),2174,3265.0,3849.0,300.0,473.0,Alfords Point,Sutherland Shire,3251.0,3275.0,
ALLAMBIE HEIGHTS,Northern Beaches (A),1017,7358.0,8009.0,1985.0,3051.0,Allambie Heights,Northern Beaches Council area,7274.0,7860.0,
ALLAWAH,Georges River (A),2214,6419.0,7790.0,327.0,478.0,Allawah,Georges River Council area,5980.0,7094.0,
AMBARVALE,Campbelltown (C) (NSW),600,6613.0,10529.0,527.0,786.0,,,,,
ANNANDALE,Inner West (A),2301,9828.0,14913.0,3051.0,4783.0,Annandale,Inner West Council area,9973.0,10776.0,
ANNANGROVE,The Hills Shire (A),523,874.0,920.0,406.0,593.0,,,,,
APPIN,Wollondilly (A),94,2720.0,8096.0,1610.0,10425.0,,,,,
ARCADIA,Hornsby (A),519,2016.0,3622.0,643.0,925.0,,,,,
ARNCLIFFE,Rockdale (C),9345,9870.0,28618.0,2276.0,3632.0,,,,,
ARNDELL PARK,Blacktown (C),680,35.0,68.0,6414.0,8574.0,,,,,
ARTARMON,Willoughby (C),5500,9978.0,11117.0,12092.0,14167.0,Artarmon,Willoughby City,10004.0,10420.0,
ASHBURY,Canterbury-Bankstown (A),857,3351.0,4373.0,417.0,645.0,Ashbury,City of Canterbury Bankstown,3367.0,4314.0,
ASHCROFT,Liverpool (C),332,3685.0,6940.0,289.0,937.0,,,,,
ASHFIELD,Inner West (A),6039,25598.0,35334.0,8740.0,14177.0,,,,,
ASQUITH,Hornsby (A),1056,3864.0,10195.0,1637.0,2259.0,Asquith,Hornsby Shire,3663.0,8898.0,
AUBURN,Cumberland (A),21042,38933.0,68175.0,14591.0,25304.0,,,,,
AUSTRAL,Liverpool (C),1995,2962.0,49904.0,1259.0,18182.0,Austral,Liverpool City,3110.0,,69049.0
AVALON BEACH,Northern Beaches (A),1455,9692.0,12851.0,3089.0,4944.0,,,,,
BADGERYS CREEK,Liverpool (C),1860,219.0,300.0,221.0,57151.0,,,,,
BADGERYS CREEK,Penrith (C),373,18.0,11.0,135.0,1438.0,,,,,
BALGOWLAH,Northern Beaches (A),3988,8168.0,9138.0,3550.0,3828.0,Balgowlah,Northern Beaches Council area,8338.0,10088.0,
BALGOWLAH HEIGHTS,Northern Beaches (A),182,2731.0,3635.0,325.0,424.0,,,,,
BALMAIN,Inner West (A),6280,11175.0,13568.0,4817.0,8119.0,Balmain,Inner West Council area,11146.0,11033.0,
BALMAIN EAST,Inner West (A),577,2057.0,2175.0,666.0,1397.0,Balmain East,Inner West Council area,2053.0,1999.0,
BANGOR,Sutherland Shire (A),2522,6359.0,8016.0,1062.0,1759.0,Bangor,Sutherland Shire,5720.0,5554.0,
BANKSIA,Rockdale (C),354,3809.0,8494.0,617.0,965.0,,,,,
BANKSMEADOW,Botany Bay (C),2019,21.0,192.0,6956.0,8517.0,,,,,
BANKSTOWN,Canterbury-Bankstown (A),7684,32353.0,62979.0,16767.0,28897.0,Bankstown,City of Canterbury Bankstown,33648.0,58769.0,
BANKSTOWN AERODROME,Canterbury-Bankstown (A),2572,0.0,0.0,2897.0,3298.0,,,,,
BARANGAROO,Sydney (C),7374,202.0,1153.0,11673.0,30256.0,,,,,
BARDEN RIDGE,Sutherland Shire (A),658,4291.0,5554.0,611.0,1058.0,,,,,
BARDIA,Campbelltown (C) (NSW),3240,1663.0,6396.0,106.0,161.0,Bardia,Campbelltown City,1676.0,3917.0,
BARDWELL PARK,Rockdale (C),377,2367.0,4735.0,317.0,532.0,,,,,
BARDWELL VALLEY,Rockdale (C),1134,4532.0,6865.0,411.0,682.0,,,,,
BARGO,Wollondilly (A),1618,5833.0,8895.0,1449.0,2276.0,,,,,
BASS HILL,Canterbury-Bankstown (A),2037,6691.0,11686.0,1696.0,2311.0,,,,,
BAULKHAM HILLS,The Hills Shire (A),6315,34659.0,59991.0,6017.0,11048.0,Baulkham Hills,The Hills Shire,37852.0,45084.0,
BAYVIEW,Northern Beaches (A),1279,3035.0,4957.0,648.0,1086.0,Bayview,Northern Beaches Council area,3964.0,4048.0,
BEACON HILL,Northern Beaches (A),3572,9055.0,13497.0,977.0,1564.0,Beacon Hill,Northern Beaches Council area,7831.0,8304.0,
BEACONSFIELD,Sydney (C),938,1091.0,1448.0,1230.0,1721.0,,,,,
BEAUMONT HILLS,The Hills Shire (A),4840,8803.0,13425.0,887.0,2474.0,Beaumont Hills,The Hills Shire,8655.0,7693.0,
BEECROFT,Hornsby (A),1932,6878.0,10086.0,1665.0,2762.0,,,,,
BEECROFT,Parramatta (C),645,1991.0,2142.0,223.0,339.0,Beecroft,City of Parramatta,2604.0,,3031.0
BELFIELD,Canterbury-Bankstown (A),19,5130.0,6433.0,583.0,968.0,Belfield,City of Canterbury Bankstown,5139.0,5724.0,
BELFIELD,Strathfield (A),20,1488.0,3194.0,298.0,415.0,,,,,
BELL,Blue Mountains (C),1277,49.0,54.0,17.0,22.0,,,,,
BELLA VISTA,The Hills Shire (A),14091,9517.0,26800.0,15849.0,34999.0,Bella Vista,The Hills Shire,8164.0,8320.0,
BELLEVUE HILL,Woollahra (A),1965,10213.0,12033.0,1445.0,2026.0,,,,,
BELMORE,Canterbury-Bankstown (A),5154,13287.0,27244.0,3500.0,5450.0,Belmore,City of Canterbury Bankstown,13373.0,19533.0,
BELROSE,Northern Beaches (A),468,6151.0,8000.0,6142.0,8116.0,,,,,
BERALA,Cumberland (A),1359,9280.0,11290.0,1152.0,1811.0,Berala,Cumberland Council area,9350.0,11309.0,
BERKSHIRE PARK,Penrith (C),281,2209.0,3406.0,944.0,1675.0,,,,,
BEROWRA,Hornsby (A),402,5021.0,7417.0,648.0,1049.0,Berowra,Hornsby Shire,4906.0,5238.0,
BEROWRA HEIGHTS,Hornsby (A),1234,5243.0,8108.0,790.0,1214.0,,,,,
BEVERLEY PARK,Georges River (A),1912,3048.0,4021.0,930.0,1491.0,,,,,
BEVERLY HILLS,Canterbury-Bankstown (A),466,917.0,1186.0,125.0,197.0,,,,,
BEVERLY HILLS,Georges River (A),1868,11052.0,16110.0,1753.0,2745.0,,,,,
BEXLEY,Rockdale (C),8552,20686.0,26545.0,3219.0,5599.0,,,,,
BEXLEY NORTH,Rockdale (C),1468,4373.0,5905.0,629.0,1073.0,,,,,
BICKLEY VALE,Camden (A),135,948.0,990.0,985.0,2887.0,,,,,
BIDWILL,Blacktown (C),724,4398.0,5910.0,344.0,564.0,Bidwill,Blacktown City,4406.0,4608.0,
BILGOLA BEACH,Northern Beaches (A),596,2183.0,2860.0,441.0,719.0,,,,,
BILGOLA PLATEAU,Northern Beaches (A),1110,1235.0,1682.0,220.0,385.0,,,,,
BILPIN,Hawkesbury (C),472,1089.0,1114.0,172.0,237.0,,,,,
BIRCHGROVE,Inner West (A),754,3396.0,3590.0,489.0,772.0,Birchgrove,Inner West Council area,3415.0,3200.0,
BIRRONG,Canterbury-Bankstown (A),1193,3236.0,5320.0,534.0,769.0,,,,,
BLACKETT,Blacktown (C),354,3570.0,4292.0,161.0,231.0,Blackett,Blacktown City,3541.0,3734.0,
BLACKHEATH,Blue Mountains (C),1552,1932.0,2382.0,239.0,349.0,,,,,
BLACKTOWN,Blacktown (C),15216,48620.0,83017.0,22094.0,37896.0,Blacktown,Blacktown City,48854.0,62780.0,
BLAIR ATHOL,Campbelltown (C) (NSW),243,1816.0,2248.0,4.0,5.0,Blair Athol,Campbelltown City,2955.0,2851.0,
BLAIRMOUNT,Campbelltown (C) (NSW),856,591.0,971.0,212.0,286.0,,,,,
BLAKEHURST,Georges River (A),1983,6149.0,7080.0,1014.0,1592.0,Blakehurst,Georges River Council area,6437.0,7587.0,
BLAXLAND,Blue Mountains (C),1572,7760.0,9290.0,1877.0,2545.0,Blaxland,Blue Mountains City,7653.0,8185.0,
BLIGH PARK,Hawkesbury (C),714,6539.0,9203.0,563.0,775.0,,,,,
BLUE MOUNTAINS NATIONAL PARK,Blue Mountains (C),2402,13.0,14.0,51.0,57.0,,,,,
BLUE MOUNTAINS NATIONAL PARK,Wollondilly (A),54,4.0,4.0,23.0,90.0,,,,,
BONDI,Waverley (A),3915,9123.0,12592.0,1817.0,2760.0,,,,,
BONDI BEACH,Waverley (A),4000,10741.0,15087.0,2912.0,4305.0,,,,,
BONDI JUNCTION,Waverley (A),7818,10114.0,15328.0,15144.0,22226.0,,,,,
BONNET BAY,Sutherland Shire (A),1325,2190.0,2588.0,196.0,325.0,Bonnet Bay,Sutherland Shire,2407.0,2346.0,
BONNYRIGG,Fairfield (C),3256,8980.0,18170.0,1784.0,2621.0,Bonnyrigg,Fairfield City,8952.0,17589.0,
BONNYRIGG HEIGHTS,Fairfield (C),2104,7579.0,10554.0,784.0,1284.0,Bonnyrigg Heights,Fairfield City,7614.0,7294.0,
BOSSLEY PARK,Fairfield (C),3272,13200.0,20237.0,1446.0,2327.0,Bossley Park,Fairfield City,15211.0,15320.0,
BOTANY,Botany Bay (C),5180,11281.0,22320.0,8806.0,12160.0,,,,,
BOW BOWING,Campbelltown (C) (NSW),936,3321.0,5839.0,145.0,233.0,,,,,
BOWEN MOUNTAIN,Hawkesbury (C),34,3356.0,4461.0,287.0,442.0,,,,,
BOX HILL,The Hills Shire (A),1968,980.0,34302.0,511.0,15130.0,Box Hill,The Hills Shire,939.0,23567.0,
BRADBURY,Campbelltown (C) (NSW),792,9069.0,14553.0,928.0,1350.0,Bradbury,Campbelltown City,9036.0,10130.0,
BREAKFAST POINT,Canada Bay (A),1198,4746.0,11785.0,1148.0,1807.0,,,,,
BRIGHTON-LE-SANDS,Rockdale (C),2436,9129.0,11367.0,1885.0,3088.0,,,,,
BRINGELLY,Camden (A),5056,547.0,12912.0,202.0,2365.0,,,,,
BRINGELLY,Liverpool (C),4431,2022.0,25093.0,524.0,18509.0,,,,,
BRONTE,Waverley (A),1544,7392.0,9223.0,1477.0,2311.0,,,,,
BROOKLYN,Hornsby (A),684,752.0,977.0,283.0,388.0,Brooklyn,Hornsby Shire,669.0,691.0,
BROOKVALE,Northern Beaches (A),300,3401.0,5824.0,16471.0,21173.0,Brookvale,Northern Beaches Council area,3474.0,4350.0,
BULLABURRA,Blue Mountains (C),239,1271.0,1504.0,106.0,139.0,,,,,
BUNDEENA,Sutherland Shire (A),1242,2035.0,2497.0,366.0,560.0,,,,,
BUNGARRIBEE,Blacktown (C),1036,2732.0,4275.0,567.0,810.0,Bungarribee,Blacktown City,2743.0,2594.0,
BURRANEER,Sutherland Shire (A),787,3519.0,4477.0,661.0,1036.0,Burraneer,Sutherland Shire,3707.0,3815.0,
BURWOOD,Burwood (A),2196,17223.0,40075.0,12822.0,20430.0,,,,,
BUSBY,Liverpool (C),33,4427.0,7694.0,281.0,1064.0,Busby,Liverpool City,4465.0,,4524.0
BUXTON,Wollondilly (A),844,2088.0,2253.0,151.0,274.0,,,,,
CABARITA,Canada Bay (A),1045,2808.0,3166.0,312.0,515.0,Cabarita,City of Canada Bay,2138.0,2103.0,
CABRAMATTA,Fairfield (C),7344,22830.0,33284.0,6101.0,9378.0,Cabramatta,Fairfield City,22766.0,26352.0,
CABRAMATTA WEST,Fairfield (C),612,7441.0,8728.0,633.0,763.0,Cabramatta West,Fairfield City,7499.0,8263.0,
CADDENS,Penrith (C),564,1514.0,4859.0,1651.0,3354.0,,,,,
CAMBRIDGE GARDENS,Penrith (C),875,2072.0,3906.0,447.0,708.0,,,,,
CAMBRIDGE PARK,Penrith (C),1977,6805.0,12744.0,516.0,971.0,,,,,
CAMDEN,Camden (A),489,3293.0,6333.0,4289.0,11495.0,Camden,Camden Council,7942.0,8695.0,
CAMDEN PARK,Wollondilly (A),1153,2288.0,2575.0,99.0,179.0,,,,,
CAMDEN SOUTH,Camden (A),949,4655.0,6833.0,510.0,1207.0,,,,,
CAMELLIA,Parramatta (C),1070,1.0,2646.0,615.0,1323.0,Camellia,City of Parramatta,3.0,,20873.0
CAMMERAY,North Sydney (A),2328,8364.0,11552.0,1871.0,2867.0,Cammeray,North Sydney Council area,7438.0,7988.0,
CAMPBELLTOWN,Campbelltown (C) (NSW),5225,14045.0,30609.0,19198.0,34240.0,Campbelltown,Campbelltown City,12845.0,31427.0,
CAMPERDOWN,Inner West (A),2050,3288.0,6827.0,989.0,1518.0,Camperdown,Inner West Council area,3689.0,4780.0,
CAMPERDOWN,Sydney (C),4104,6158.0,8714.0,16322.0,25770.0,,,,,
CAMPSIE,Canterbury-Bankstown (A),2817,23296.0,54294.0,6676.0,11674.0,,,,,
CANLEY HEIGHTS,Fairfield (C),3656,11874.0,16793.0,1186.0,1211.0,Canley Heights,Fairfield City,11353.0,13664.0,
CANLEY VALE,Fairfield (C),1352,9585.0,12831.0,1557.0,1729.0,Canley Vale,Fairfield City,10554.0,12006.0,
CANOELANDS,Hornsby (A),1218,113.0,143.0,138.0,202.0,,,,,
CANTERBURY,Canterbury-Bankstown (A),3426,9864.0,32993.0,1700.0,2609.0,Canterbury,City of Canterbury Bankstown,7582.0,13173.0,
CARINGBAH,Sutherland Shire (A),4596,12209.0,19789.0,13779.0,19644.0,Caringbah,Sutherland Shire,12101.0,19197.0,
CARINGBAH SOUTH,Sutherland Shire (A),9310,12495.0,17682.0,1093.0,1627.0,Caringbah South,Sutherland Shire,12549.0,13748.0,
CARLINGFORD,Parramatta (C),5388,26402.0,46377.0,5239.0,8797.0,Carlingford,City of Parramatta,25263.0,,37611.0
CARLTON,Georges River (A),1916,5716.0,7976.0,1611.0,2284.0,Carlton,Georges River Council area,7058.0,8573.0,
CARLTON,Rockdale (C),959,3228.0,4168.0,267.0,426.0,,,,,
CARNES HILL,Liverpool (C),614,3757.0,14582.0,1059.0,2336.0,,,,,
CARRAMAR,Fairfield (C),1317,3673.0,6057.0,802.0,1772.0,Carramar,Fairfield City,3653.0,4227.0,
CARSS PARK,Georges River (A),395,1595.0,2286.0,339.0,536.0,,,,,
CARTWRIGHT,Liverpool (C),1050,2434.0,9032.0,168.0,335.0,Cartwright,Liverpool City,2459.0,,2711.0
CASTLE COVE,Willoughby (C),1140,2689.0,3307.0,504.0,702.0,,,,,
CASTLE HILL,Hornsby (A),1602,5764.0,7253.0,1673.0,3216.0,Castle Hill,Hornsby Shire,5913.0,5620.0,
CASTLE HILL,The Hills Shire (A),12840,35527.0,72125.0,20440.0,40853.0,Castle Hill,The Hills Shire,35237.0,44245.0,
CASTLECRAG,Willoughby (C),667,2835.0,3319.0,734.0,923.0,Castlecrag,Willoughby City,3087.0,3029.0,
CASTLEREAGH,Penrith (C),2076,3444.0,8268.0,1079.0,1407.0,,,,,
CASULA,Liverpool (C),6942,16254.0,29943.0,3541.0,5292.0,Casula,Liverpool City,16390.0,,15877.0
CATHERINE FIELD,Camden (A),5890,1704.0,7659.0,550.0,1243.0,,,,,
CAWDOR,Wollondilly (A),266,303.0,377.0,128.0,219.0,,,,,
CECIL HILLS,Liverpool (C),2700,7271.0,7248.0,985.0,2539.0,Cecil Hills,Liverpool City,7296.0,,6583.0
CECIL PARK,Fairfield (C),686,817.0,3813.0,310.0,525.0,,,,,
CECIL PARK,Liverpool (C),1374,342.0,5147.0,224.0,2545.0,,,,,
CENTENNIAL PARK,Randwick (C),83,3.0,3.0,124.0,195.0,,,,,
CHATSWOOD,Willoughby (C),6754,24238.0,38131.0,32192.0,44018.0,,,,,
CHATSWOOD WEST,Willoughby (C),343,1878.0,2584.0,209.0,266.0,,,,,
CHELTENHAM,Hornsby (A),668,2328.0,2650.0,359.0,654.0,,,,,
CHERRYBROOK,Hornsby (A),12560,19449.0,32012.0,2773.0,5147.0,Cherrybrook,Hornsby Shire,19348.0,20890.0,
CHESTER HILL,Canterbury-Bankstown (A),2876,13042.0,22269.0,2760.0,4703.0,Chester Hill,City of Canterbury Bankstown,12460.0,13622.0,
CHESTER HILL,Cumberland (A),720,767.0,1410.0,2026.0,2399.0,,,,,
CHIFLEY,Randwick (C),95,4171.0,5129.0,459.0,763.0,,,,,
CHIPPENDALE,Sydney (C),5060,9106.0,14644.0,4616.0,12065.0,,,,,
CHIPPING NORTON,Liverpool (C),2350,9332.0,14182.0,7233.0,8756.0,Chipping Norton,Liverpool City,9282.0,,8768.0
CHISWICK,Canada Bay (A),942,2528.0,3880.0,244.0,404.0,Chiswick,City of Canada Bay,3073.0,3236.0,
CHULLORA,Canterbury-Bankstown (A),2408,0.0,0.0,6940.0,7823.0,,,,,
CHURCH POINT,Northern Beaches (A),158,1733.0,3566.0,361.0,537.0,,,,,
CLAREMONT MEADOWS,Penrith (C),586,4889.0,6845.0,437.0,884.0,,,,,
CLAREVILLE,Northern Beaches (A),813,1416.0,1935.0,243.0,394.0,,,,,
CLAYMORE,Campbelltown (C) (NSW),695,2834.0,3163.0,159.0,212.0,Claymore,Campbelltown City,2724.0,4310.0,
CLEMTON PARK,Canterbury-Bankstown (A),65,1917.0,6202.0,814.0,1288.0,,,,,
CLONTARF,Northern Beaches (A),590,2784.0,3609.0,540.0,630.0,,,,,
CLOVELLY,Randwick (C),192,4805.0,5807.0,743.0,1247.0,,,,,
CLYDE,Parramatta (C),2540,6.0,2057.0,1609.0,2297.0,,,,,
COBBITTY,Camden (A),1626,2103.0,18199.0,782.0,2916.0,,,,,
COLEBEE,Blacktown (C),703,1994.0,8278.0,43.0,1284.0,Colebee,Blacktown City,1992.0,4143.0,
COLLAROY,Northern Beaches (A),2763,10481.0,11895.0,2119.0,3140.0,Collaroy,Northern Beaches Council area,8196.0,9234.0,
COLLAROY PLATEAU,Northern Beaches (A),1996,6433.0,7897.0,902.0,1355.0,Collaroy Plateau,Northern Beaches Council area,4971.0,5181.0,
COLYTON,Penrith (C),2127,8671.0,16074.0,947.0,1902.0,,,,,
COMO,Sutherland Shire (A),890,4073.0,5314.0,445.0,699.0,Como,Sutherland Shire,4121.0,3945.0,
CONCORD,Canada Bay (A),14,15207.0,22062.0,3531.0,6966.0,Concord,City of Canada Bay,15073.0,19156.0,
CONCORD WEST,Canada Bay (A),450,7426.0,11777.0,7092.0,13387.0,Concord West,City of Canada Bay,6227.0,8454.0,
CONDELL PARK,Canterbury-Bankstown (A),7728,11834.0,16937.0,5679.0,7249.0,,,,,
CONNELLS POINT,Georges River (A),355,2940.0,3030.0,303.0,494.0,,,,,
CONSTITUTION HILL,Parramatta (C),2212,4005.0,4960.0,255.0,415.0,Constitution Hill,City of Parramatta,4202.0,,4446.0
COOGEE,Randwick (C),1780,16580.0,21515.0,3058.0,4933.0,,,,,
COWAN,Hornsby (A),438,691.0,931.0,216.0,320.0,,,,,
CRANEBROOK,Penrith (C),4224,13932.0,19683.0,1192.0,1612.0,,,,,
CREMORNE,North Sydney (A),3780,12489.0,19289.0,2406.0,3771.0,Cremorne,North Sydney Council area,12394.0,13454.0,
CREMORNE POINT,North Sydney (A),752,2012.0,2511.0,201.0,306.0,Cremorne Point,North Sydney Council area,2160.0,2474.0,
CROMER,Northern Beaches (A),2400,7790.0,11416.0,3642.0,4636.0,Cromer,Northern Beaches Council area,7879.0,8980.0,
CRONULLA,Sutherland Shire (A),4242,18933.0,25105.0,5274.0,8040.0,,,,,
CROWS NEST,North Sydney (A),740,3627.0,7688.0,6061.0,9106.0,,,,,
CROYDON,Burwood (A),588,8091.0,12663.0,2466.0,4316.0,,,,,
CROYDON,Inner West (A),298,2940.0,4239.0,713.0,1196.0,Croydon,Inner West Council area,5421.0,6999.0,
CROYDON PARK,Burwood (A),42,6001.0,10323.0,604.0,1029.0,,,,,
CROYDON PARK,Canterbury-Bankstown (A),22,4660.0,7285.0,549.0,832.0,,,,,
CROYDON PARK,Inner West (A),23,1927.0,2370.0,339.0,574.0,,,,,
CURL CURL,Northern Beaches (A),356,5785.0,6203.0,1063.0,1681.0,,,,,
CURRANS HILL,Camden (A),2440,5423.0,6210.0,466.0,846.0,Currans Hill,Camden Council,5428.0,5212.0,
DACEYVILLE,Botany Bay (C),930,1261.0,1422.0,411.0,935.0,,,,,
DANGAR ISLAND,Hornsby (A),181,304.0,353.0,39.0,51.0,,,,,
DARLING POINT,Woollahra (A),108,5039.0,5573.0,1005.0,1394.0,,,,,
DARLINGHURST,Sydney (C),11517,12242.0,15906.0,14530.0,22336.0,,,,,
DARLINGTON,Sydney (C),4264,3672.0,4000.0,2165.0,3541.0,,,,,
DAVIDSON,Northern Beaches (A),73,3884.0,4119.0,645.0,1020.0,Davidson,Northern Beaches Council area,2899.0,3404.0,
DAWES POINT,Sydney (C),4236,495.0,588.0,2441.0,3633.0,,,,,
DEAN PARK,Blacktown (C),489,3338.0,3665.0,357.0,558.0,Dean Park,Blacktown City,3312.0,3390.0,
DEE WHY,Northern Beaches (A),6559,22151.0,30405.0,5591.0,8579.0,Dee Why,Northern Beaches Council area,22778.0,28042.0,
DENHAM COURT,Campbelltown (C) (NSW),554,1345.0,5531.0,211.0,1541.0,,,,,
DENHAM COURT,Liverpool (C),278,715.0,1702.0,12.0,24.0,,,,,
DENISTONE,Ryde (C),1020,5640.0,9389.0,559.0,978.0,,,,,
DENISTONE EAST,Ryde (C),1051,1614.0,2490.0,246.0,438.0,,,,,
DHARRUK,Blacktown (C),141,2831.0,3340.0,233.0,347.0,Dharruk,Blacktown City,2851.0,2898.0,
DOONSIDE,Blacktown (C),2124,13894.0,18170.0,1472.0,2179.0,Doonside,Blacktown City,13973.0,16232.0,
DOUBLE BAY,Woollahra (A),2960,5272.0,7282.0,5014.0,6797.0,,,,,
DOUGLAS PARK,Wollondilly (A),255,1408.0,3035.0,632.0,2575.0,,,,,
DOVER HEIGHTS,Waverley (A),26,5064.0,6734.0,791.0,1239.0,,,,,
DRUMMOYNE,Canada Bay (A),3035,12612.0,15897.0,4228.0,6898.0,Drummoyne,City of Canada Bay,12559.0,13655.0,
DULWICH HILL,Inner West (A),8519,14956.0,24499.0,1944.0,3344.0,Dulwich Hill,Inner West Council area,14295.0,16833.0,
DUNDAS,Parramatta (C),802,3623.0,4900.0,95.0,179.0,Dundas,City of Parramatta,4858.0,,5709.0
DUNDAS VALLEY,Parramatta (C),78,4855.0,6571.0,511.0,827.0,Dundas Valley,City of Parramatta,5464.0,,6800.0
DURAL,Hornsby (A),2628,5004.0,5832.0,3464.0,5010.0,Dural,Hornsby Shire,5658.0,6268.0,
DURAL,The Hills Shire (A),877,1813.0,2876.0,1584.0,2649.0,,,,,
EAGLE VALE,Campbelltown (C) (NSW),1310,6330.0,11290.0,866.0,1078.0,Eagle Vale,Campbelltown City,5968.0,6581.0,
EARLWOOD,Canterbury-Bankstown (A),2849,18672.0,24317.0,2226.0,3693.0,Earlwood,City of Canterbury Bankstown,18735.0,19612.0,
EAST HILLS,Canterbury-Bankstown (A),567,2255.0,3630.0,353.0,518.0,,,,,
EAST KILLARA,Ku-ring-gai (A),59,3091.0,3679.0,315.0,494.0,,,,,
EAST KURRAJONG,Hawkesbury (C),56,1886.0,1976.0,557.0,734.0,,,,,
EAST LINDFIELD,Ku-ring-gai (A),195,4240.0,5042.0,540.0,854.0,,,,,
EAST RYDE,Ryde (C),94,2185.0,3147.0,487.0,874.0,,,,,
EASTERN CREEK,Blacktown (C),1944,9.0,9.0,9141.0,23388.0,,,,,
EASTGARDENS,Botany Bay (C),856,0.0,2124.0,1690.0,3154.0,,,,,
EASTLAKES,Botany Bay (C),1881,9774.0,14614.0,1709.0,2713.0,,,,,
EASTWOOD,Parramatta (C),2186,3838.0,5523.0,304.0,477.0,Eastwood,City of Parramatta,4552.0,,5048.0
EASTWOOD,Ryde (C),7658,15109.0,26795.0,5576.0,9639.0,,,,,
EBENEZER,Hawkesbury (C),1035,1702.0,1735.0,332.0,436.0,,,,,
EDENSOR PARK,Fairfield (C),4416,10198.0,14864.0,1172.0,1755.0,Edensor Park,Fairfield City,10242.0,10296.0,
EDGECLIFF,Woollahra (A),952,1569.0,1635.0,1632.0,2314.0,,,,,
EDMONDSON PARK,Liverpool (C),1935,2347.0,35335.0,266.0,6663.0,Edmondson Park,Liverpool City,2360.0,,27560.0
ELANORA HEIGHTS,Northern Beaches (A),371,3538.0,5518.0,731.0,1240.0,Elanora Heights,Northern Beaches Council area,4627.0,4484.0,
ELDERSLIE,Camden (A),996,6151.0,14363.0,837.0,3129.0,Elderslie,Camden Council,6200.0,7267.0,
ELIZABETH BAY,Sydney (C),2310,4263.0,4550.0,1128.0,1694.0,,,,,
ELIZABETH HILLS,Liverpool (C),918,2630.0,13730.0,492.0,960.0,Elizabeth Hills,Liverpool City,2642.0,,2772.0
ELLIS LANE,Camden (A),164,2090.0,3137.0,45.0,110.0,,,,,
EMERTON,Blacktown (C),898,2310.0,2861.0,634.0,860.0,Emerton,Blacktown City,2315.0,2492.0,
EMU HEIGHTS,Penrith (C),711,3371.0,6085.0,285.0,502.0,,,,,
EMU PLAINS,Penrith (C),2852,8623.0,16328.0,4797.0,8099.0,,,,,
ENFIELD,Burwood (A),1265,2963.0,5574.0,1171.0,1940.0,,,,,
ENGADINE,Sutherland Shire (A),168,17424.0,23258.0,3880.0,6209.0,Engadine,Sutherland Shire,17795.0,21780.0,
ENMORE,Inner West (A),1332,4125.0,5625.0,849.0,1469.0,Enmore,Inner West Council area,4125.0,4173.0,
EPPING,Parramatta (C),9819,23432.0,46850.0,5219.0,9735.0,Epping,City of Parramatta,24708.0,,39245.0
ERMINGTON,Parramatta (C),3845,10984.0,17731.0,1544.0,2489.0,,,,,
ERSKINE PARK,Penrith (C),315,6669.0,12786.0,6688.0,12891.0,,,,,
ERSKINEVILLE,Sydney (C),5010,8617.0,11869.0,2259.0,3121.0,,,,,
ESCHOL PARK,Campbelltown (C) (NSW),884,2428.0,3929.0,146.0,199.0,Eschol Park,Campbelltown City,2660.0,2665.0,
EVELEIGH,Sydney (C),3090,705.0,6395.0,4290.0,11974.0,,,,,
FAIRFIELD,Fairfield (C),2584,18434.0,31490.0,6368.0,8214.0,Fairfield,Fairfield City,18601.0,29643.0,
FAIRFIELD EAST,Fairfield (C),3444,5004.0,7206.0,4071.0,5404.0,Fairfield East,Fairfield City,5444.0,6466.0,
FAIRFIELD HEIGHTS,Fairfield (C),948,7801.0,12302.0,940.0,1614.0,Fairfield Heights,Fairfield City,7797.0,9975.0,
FAIRFIELD WEST,Fairfield (C),1232,12001.0,14892.0,1144.0,2015.0,Fairfield West,Fairfield City,11994.0,11996.0,
FAIRLIGHT,Northern Beaches (A),1402,4412.0,5413.0,554.0,842.0,Fairlight,Northern Beaches Council area,6441.0,6932.0,
FAULCONBRIDGE,Blue Mountains (C),1256,4115.0,4982.0,600.0,835.0,Faulconbridge,Blue Mountains City,4137.0,4065.0,
FIVE DOCK,Canada Bay (A),4615,10024.0,19768.0,4828.0,8156.0,,,,,
FOREST LODGE,Sydney (C),775,3603.0,3770.0,207.0,316.0,,,,,
FORESTVILLE,Northern Beaches (A),2036,5532.0,6059.0,626.0,991.0,Forestville,Northern Beaches Council area,8729.0,9977.0,
FREEMANS REACH,Hawkesbury (C),213,1450.0,1477.0,508.0,687.0,,,,,
FRENCHS FOREST,Northern Beaches (A),8920,13036.0,24561.0,9241.0,13909.0,Frenchs Forest,Northern Beaches Council area,14135.0,20183.0,
FRESHWATER,Northern Beaches (A),1108,3282.0,3562.0,658.0,993.0,Freshwater,Northern Beaches Council area,9569.0,10516.0,
GALSTON,Hornsby (A),1273,3239.0,4601.0,1215.0,1865.0,,,,,
GEORGES HALL,Canterbury-Bankstown (A),1380,10739.0,14285.0,1401.0,2097.0,Georges Hall,City of Canterbury Bankstown,9279.0,9828.0,
GILEAD,Campbelltown (C) (NSW),828,276.0,9897.0,279.0,674.0,,,,,
GIRRAWEEN,Cumberland (A),3597,6840.0,9780.0,5486.0,7905.0,,,,,
GLADESVILLE,Hunters Hill (A),964,2885.0,3809.0,1503.0,2475.0,,,,,
GLADESVILLE,Ryde (C),1932,8867.0,13416.0,4655.0,7648.0,,,,,
GLEBE,Sydney (C),5796,14562.0,19829.0,6202.0,9460.0,,,,,
GLEDSWOOD HILLS,Camden (A),952,1536.0,9803.0,141.0,419.0,,,,,
GLEN ALPINE,Campbelltown (C) (NSW),976,5967.0,13063.0,441.0,647.0,Glen Alpine,Campbelltown City,4960.0,5276.0,
GLENBROOK,Blue Mountains (C),2480,5088.0,5875.0,1158.0,1655.0,,,,,
GLENDENNING,Blacktown (C),1588,5306.0,6011.0,5878.0,8342.0,Glendenning,Blacktown City,5290.0,5056.0,
GLENFIELD,Campbelltown (C) (NSW),1044,9921.0,21529.0,1614.0,3162.0,Glenfield,Campbelltown City,9931.0,24880.0,
GLENHAVEN,The Hills Shire (A),1611,6501.0,9806.0,1027.0,1842.0,Glenhaven,The Hills Shire,6363.0,6622.0,
GLENMORE PARK,Penrith (C),3376,23780.0,29450.0,1959.0,3614.0,,,,,
GLENORIE,The Hills Shire (A),494,2791.0,3556.0,1058.0,1431.0,,,,,
GLENWOOD,Blacktown (C),4448,16667.0,19977.0,2020.0,4850.0,Glenwood,Blacktown City,16652.0,17299.0,
GLOSSODIA,Hawkesbury (C),598,3494.0,3740.0,635.0,851.0,,,,,
GORDON,Ku-ring-gai (A),4980,9303.0,20112.0,4516.0,6882.0,,,,,
GRANVILLE,Cumberland (A),7840,11841.0,18045.0,4079.0,5958.0,Granville,Cumberland Council area,11282.0,12796.0,
GRANVILLE,Parramatta (C),4484,4261.0,14025.0,1604.0,2754.0,,,,,
GRAYS POINT,Sutherland Shire (A),1061,3020.0,3770.0,371.0,587.0,Grays Point,Sutherland Shire,3146.0,3074.0,
GREEN VALLEY,Liverpool (C),792,12993.0,15878.0,1779.0,3969.0,Green Valley,Liverpool City,13031.0,,11390.0
GREENACRE,Canterbury-Bankstown (A),3836,23289.0,33344.0,5382.0,7085.0,,,,,
GREENACRE,Strathfield (A),550,1310.0,1565.0,2979.0,3366.0,,,,,
GREENDALE,Liverpool (C),269,355.0,603.0,387.0,1141.0,,,,,
GREENFIELD PARK,Fairfield (C),2210,5275.0,9922.0,568.0,983.0,Greenfield Park,Fairfield City,5263.0,5126.0,
GREENWICH,Lane Cove (A),3288,5611.0,9262.0,1571.0,1991.0,,,,,
GREGORY HILLS,Camden (A),3774,3395.0,11207.0,859.0,8222.0,,,,,
GREYSTANES,Cumberland (A),2180,22100.0,35952.0,2813.0,4622.0,Greystanes,Cumberland Council area,23690.0,25137.0,
GROSE WOLD,Hawkesbury (C),544,1559.0,1604.0,470.0,726.0,,,,,
GUILDFORD,Cumberland (A),6237,22831.0,34786.0,2321.0,3735.0,,,,,
GUILDFORD WEST,Cumberland (A),896,5016.0,7311.0,820.0,1219.0,,,,,
GYMEA,Sutherland Shire (A),2478,7324.0,12109.0,2115.0,3228.0,Gymea,Sutherland Shire,7866.0,9048.0,
GYMEA BAY,Sutherland Shire (A),1850,7736.0,10158.0,802.0,1242.0,Gymea Bay,Sutherland Shire,7061.0,6945.0,
HABERFIELD,Inner West (A),2892,6725.0,8604.0,1778.0,3054.0,Haberfield,Inner West Council area,6779.0,6780.0,
HAMMONDVILLE,Liverpool (C),10,3595.0,4742.0,1118.0,2383.0,Hammondville,Liverpool City,3642.0,,4135.0
HARRINGTON PARK,Camden (A),2892,10778.0,14628.0,1115.0,3628.0,,,,,
HARRIS PARK,Parramatta (C),3132,6411.0,8213.0,1362.0,2464.0,Harris Park,City of Parramatta,6083.0,,6892.0
HASSALL GROVE,Blacktown (C),897,4632.0,5223.0,379.0,564.0,Hassall Grove,Blacktown City,4633.0,4941.0,
HAYMARKET,Sydney (C),25725,7960.0,21408.0,22969.0,37344.0,,,,,
HAZELBROOK,Blue Mountains (C),967,4860.0,5620.0,697.0,942.0,Hazelbrook,Blue Mountains City,5058.0,5145.0,
HEATHCOTE,Sutherland Shire (A),3252,6681.0,8618.0,1795.0,2775.0,,,,,
HEBERSHAM,Blacktown (C),2054,5839.0,7106.0,292.0,443.0,Hebersham,Blacktown City,5857.0,5765.0,
HECKENBERG,Liverpool (C),200,3213.0,3783.0,189.0,751.0,Heckenberg,Liverpool City,3160.0,,3145.0
HILLSDALE,Botany Bay (C),696,6636.0,9455.0,1311.0,1895.0,,,,,
HINCHINBROOK,Liverpool (C),1605,12823.0,19600.0,1265.0,3369.0,Hinchinbrook,Liverpool City,11698.0,,10426.0
HOBARTVILLE,Hawkesbury (C),345,3576.0,5572.0,252.0,361.0,,,,,
HOLROYD,Cumberland (A),1144,1339.0,1527.0,445.0,602.0,,,,,
HOLSWORTHY,Campbelltown (C) (NSW),578,0.0,0.0,0.0,0.0,,,,,
HOLSWORTHY,Liverpool (C),1158,3902.0,6598.0,2908.0,4280.0,Holsworthy,Liverpool City,5691.0,,5469.0
HOMEBUSH,Strathfield (A),534,8215.0,20743.0,4822.0,8104.0,,,,,
HOMEBUSH WEST,Strathfield (A),6380,8852.0,21266.0,8050.0,11919.0,,,,,
HORNINGSEA PARK,Liverpool (C),2628,3860.0,4806.0,528.0,1195.0,Horningsea Park,Liverpool City,3812.0,,3821.0
HORNSBY,Hornsby (A),4200,23342.0,38187.0,15307.0,23132.0,Hornsby,Hornsby Shire,23022.0,33243.0,
HORNSBY HEIGHTS,Hornsby (A),624,5951.0,7745.0,610.0,944.0,Hornsby Heights,Hornsby Shire,6485.0,6562.0,
HORSLEY PARK,Fairfield (C),1644,1941.0,13374.0,2200.0,16569.0,,,,,
HOXTON PARK,Liverpool (C),1315,1673.0,2899.0,387.0,1106.0,,,,,
HUNTERS HILL,Hunters Hill (A),5200,10011.0,12293.0,2985.0,4878.0,,,,,
HUNTINGWOOD,Blacktown (C),725,0.0,0.0,6166.0,8625.0,,,,,
HUNTLEYS COVE,Hunters Hill (A),150,929.0,939.0,175.0,303.0,,,,,
HURLSTONE PARK,Canterbury-Bankstown (A),2373,4497.0,8249.0,713.0,1127.0,Hurlstone Park,City of Canterbury Bankstown,4470.0,5904.0,
HURSTVILLE,Georges River (A),3267,32346.0,46979.0,12388.0,19341.0,,,,,
HURSTVILLE GROVE,Georges River (A),982,2078.0,2158.0,167.0,261.0,Hurstville Grove,Georges River Council area,2822.0,2954.0,
ILLAWONG,Sutherland Shire (A),2520,7594.0,9225.0,1279.0,2026.0,Illawong,Sutherland Shire,7619.0,7704.0,
INGLEBURN,Campbelltown (C) (NSW),3576,15587.0,19805.0,13482.0,19003.0,Ingleburn,Campbelltown City,15561.0,16993.0,
INGLESIDE,Northern Beaches (A),2530,4718.0,13815.0,2800.0,3827.0,Ingleside,Northern Beaches Council area,996.0,10415.0,
JAMISONTOWN,Penrith (C),1302,5622.0,9297.0,4391.0,6896.0,,,,,
JANNALI,Sutherland Shire (A),1320,6717.0,10032.0,1563.0,2599.0,Jannali,Sutherland Shire,6323.0,7417.0,
KAREELA,Sutherland Shire (A),1280,3541.0,4297.0,660.0,1015.0,Kareela,Sutherland Shire,3568.0,3567.0,
KATOOMBA,Blue Mountains (C),424,8791.0,10540.0,5523.0,7239.0,,,,,
KEARNS,Campbelltown (C) (NSW),886,2520.0,4151.0,222.0,296.0,Kearns,Campbelltown City,2818.0,2724.0,
KELLYVILLE,The Hills Shire (A),15396,23234.0,44281.0,3963.0,7644.0,Kellyville,The Hills Shire,28710.0,65890.0,
KELLYVILLE RIDGE,Blacktown (C),4116,9770.0,14125.0,1111.0,3928.0,,,,,
KEMPS CREEK,Liverpool (C),2070,1541.0,14829.0,652.0,2513.0,,,,,
KEMPS CREEK,Penrith (C),1245,643.0,764.0,956.0,23804.0,,,,,
KENSINGTON,Randwick (C),2205,15711.0,23474.0,10170.0,18111.0,,,,,
KENTHURST,The Hills Shire (A),4412,6838.0,7838.0,2274.0,3508.0,Kenthurst,The Hills Shire,5189.0,5477.0,
KENTLYN,Campbelltown (C) (NSW),251,1154.0,1160.0,286.0,348.0,,,,,
KILLARA,Ku-ring-gai (A),32,9754.0,13767.0,1614.0,2546.0,,,,,
KILLARNEY HEIGHTS,Northern Beaches (A),2040,7720.0,8635.0,2155.0,3433.0,Killarney Heights,Northern Beaches Council area,4598.0,5227.0,
KINGS LANGLEY,Blacktown (C),3006,9650.0,11792.0,1260.0,1496.0,Kings Langley,Blacktown City,9627.0,9900.0,
KINGS PARK,Blacktown (C),2056,3581.0,4241.0,5445.0,7434.0,Kings Park,Blacktown City,3581.0,3804.0,
KINGSFORD,Randwick (C),497,16427.0,23420.0,2366.0,3753.0,,,,,
KINGSGROVE,Canterbury-Bankstown (A),1282,6378.0,7715.0,3906.0,5041.0,Kingsgrove,City of Canterbury Bankstown,6531.0,6478.0,
KINGSGROVE,Georges River (A),1926,3612.0,6622.0,3178.0,4367.0,Kingsgrove,Georges River Council area,3793.0,4246.0,
KINGSGROVE,Rockdale (C),643,2946.0,3820.0,648.0,1174.0,,,,,
KINGSWOOD,Penrith (C),2435,9508.0,17102.0,6358.0,14862.0,,,,,
KIRKHAM,Camden (A),166,1502.0,3913.0,1958.0,4907.0,,,,,
KIRRAWEE,Sutherland Shire (A),6215,9482.0,15673.0,6820.0,9540.0,Kirrawee,Sutherland Shire,9409.0,13680.0,
KIRRIBILLI,North Sydney (A),60,4302.0,8673.0,1466.0,2435.0,Kirribilli,North Sydney Council area,4076.0,4328.0,
KOGARAH,Georges River (A),3111,6654.0,13671.0,11345.0,18469.0,Kogarah,Georges River Council area,6811.0,10901.0,
KOGARAH,Rockdale (C),4152,9209.0,13166.0,1643.0,2672.0,,,,,
KOGARAH BAY,Georges River (A),187,1625.0,1677.0,110.0,169.0,,,,,
KU-RING-GAI CHASE,Northern Beaches (A),1622,1320.0,2378.0,825.0,1316.0,,,,,
KURMOND,Hawkesbury (C),394,1375.0,1562.0,407.0,625.0,,,,,
KURNELL,Sutherland Shire (A),870,3231.0,7262.0,1956.0,2222.0,Kurnell,Sutherland Shire,2371.0,2339.0,
KURRABA POINT,North Sydney (A),1058,3087.0,4263.0,423.0,678.0,,,,,
KURRAJONG,Hawkesbury (C),1111,2989.0,3092.0,359.0,506.0,,,,,
KURRAJONG HEIGHTS,Hawkesbury (C),439,2327.0,3126.0,373.0,585.0,,,,,
KYEEMAGH,Rockdale (C),851,944.0,1076.0,220.0,254.0,,,,,
LA PEROUSE,Randwick (C),80,3.0,11.0,369.0,599.0,,,,,
LAKEMBA,Canterbury-Bankstown (A),7776,17879.0,30146.0,3312.0,5353.0,Lakemba,City of Canterbury Bankstown,18031.0,22296.0,
LAKESLAND,Wollondilly (A),370,537.0,545.0,84.0,116.0,,,,,
LALOR PARK,Blacktown (C),2120,7701.0,9370.0,519.0,631.0,Lalor Park,Blacktown City,7799.0,8403.0,
LANE COVE,Lane Cove (A),5505,12349.0,23622.0,4732.0,6541.0,,,,,
LANE COVE NORTH,Lane Cove (A),1830,7833.0,13261.0,504.0,632.0,,,,,
LANE COVE NORTH,Willoughby (C),1222,4141.0,8266.0,935.0,1143.0,,,,,
LANE COVE WEST,Lane Cove (A),342,2080.0,3058.0,5327.0,6231.0,,,,,
LANSDOWNE,Canterbury-Bankstown (A),789,1672.0,1958.0,169.0,212.0,,,,,
LANSVALE,Fairfield (C),1118,2661.0,3914.0,1930.0,2475.0,Lansvale,Fairfield City,2695.0,2735.0,
LAPSTONE,Blue Mountains (C),865,984.0,1187.0,97.0,146.0,,,,,
LAVENDER BAY,North Sydney (A),1123,629.0,771.0,2074.0,2828.0,,,,,
LAWSON,Blue Mountains (C),1067,2885.0,3363.0,921.0,1132.0,,,,,
LEICHHARDT,Inner West (A),5730,15069.0,20761.0,7830.0,12007.0,Leichhardt,Inner West Council area,15514.0,23307.0,
LEONAY,Penrith (C),706,2578.0,5635.0,282.0,494.0,,,,,
LEPPINGTON,Camden (A),5390,3489.0,59234.0,965.0,11323.0,,,,,
LEPPINGTON,Liverpool (C),492,116.0,4375.0,133.0,490.0,,,,,
LETHBRIDGE PARK,Blacktown (C),625,4904.0,6298.0,177.0,264.0,Lethbridge Park,Blacktown City,4886.0,5293.0,
LEUMEAH,Campbelltown (C) (NSW),988,10134.0,13140.0,2615.0,3293.0,Leumeah,Campbelltown City,10136.0,11309.0,
LEURA,Blue Mountains (C),476,4773.0,5549.0,1915.0,2477.0,Leura,Blue Mountains City,4783.0,5082.0,
LEWISHAM,Inner West (A),1231,2644.0,6865.0,1083.0,2152.0,Lewisham,Inner West Council area,3383.0,5940.0,
LIBERTY GROVE,Canada Bay (A),1323,2454.0,2546.0,361.0,518.0,Liberty Grove,City of Canada Bay,2373.0,2228.0,
LIDCOMBE,Cumberland (A),13717,20899.0,36304.0,13906.0,24810.0,,,,,
LIDCOMBE,Parramatta (C),1248,0.0,0.0,2532.0,5582.0,,,,,
LILLI PILLI,Sutherland Shire (A),68,1437.0,1796.0,105.0,153.0,,,,,
LILYFIELD,Inner West (A),6186,8213.0,12353.0,3919.0,7280.0,Lilyfield,Inner West Council area,8088.0,8026.0,
LINDEN,Blue Mountains (C),1126,505.0,590.0,60.0,83.0,,,,,
LINDFIELD,Ku-ring-gai (A),4536,10350.0,16221.0,3046.0,4780.0,,,,,
LITTLE BAY,Randwick (C),1576,3128.0,9833.0,353.0,572.0,,,,,
LIVERPOOL,Liverpool (C),7735,28519.0,64618.0,22912.0,46378.0,Liverpool,Liverpool City,28597.0,,52822.0
LLANDILO,Penrith (C),1132,6987.0,13442.0,1293.0,1372.0,,,,,
LOFTUS,Sutherland Shire (A),981,4265.0,5187.0,350.0,571.0,Loftus,Sutherland Shire,4243.0,4291.0,
LONDONDERRY,Penrith (C),3249,4004.0,4261.0,1043.0,1647.0,,,,,
LONG POINT,Campbelltown (C) (NSW),594,2813.0,7609.0,170.0,298.0,,,,,
LONGUEVILLE,Lane Cove (A),380,2141.0,3212.0,367.0,484.0,,,,,
LOWER PORTLAND,Hawkesbury (C),983,518.0,537.0,76.0,122.0,,,,,
LUCAS HEIGHTS,Sutherland Shire (A),1692,324.0,3282.0,1963.0,3653.0,,,,,
LUDDENHAM,Liverpool (C),1146,593.0,762.0,100.0,15302.0,,,,,
LUDDENHAM,Penrith (C),1722,995.0,18636.0,260.0,21150.0,,,,,
LUGARNO,Georges River (A),2584,5798.0,10437.0,626.0,961.0,Lugarno,Georges River Council area,5803.0,6222.0,
LURNEA,Liverpool (C),96,9597.0,13716.0,1076.0,2078.0,Lurnea,Liverpool City,9496.0,,9126.0
MACQUARIE FIELDS,Campbelltown (C) (NSW),1683,11540.0,12776.0,1965.0,3246.0,,,,,
MACQUARIE LINKS,Campbelltown (C) (NSW),1224,1404.0,3472.0,120.0,182.0,,,,,
MACQUARIE PARK,Ryde (C),15210,7811.0,31587.0,54919.0,81548.0,,,,,
MALABAR,Randwick (C),2145,5643.0,11018.0,1654.0,2648.0,,,,,
MANLY,Northern Beaches (A),8163,19242.0,22042.0,9434.0,14450.0,Manly,Northern Beaches Council area,17288.0,19640.0,
MANLY VALE,Northern Beaches (A),2468,6995.0,8169.0,1759.0,2636.0,Manly Vale,Northern Beaches Council area,6429.0,7716.0,
MARAYLYA,Hawkesbury (C),1171,1540.0,1510.0,411.0,767.0,,,,,
MARAYLYA,The Hills Shire (A),1172,393.0,3453.0,226.0,485.0,,,,,
MARAYONG,Blacktown (C),1602,7759.0,9176.0,407.0,550.0,Marayong,Blacktown City,7906.0,8615.0,
MAROOTA,The Hills Shire (A),576,1347.0,1633.0,590.0,765.0,,,,,
MAROUBRA,Randwick (C),4668,32628.0,48347.0,6041.0,9665.0,,,,,
MARRICKVILLE,Inner West (A),10448,27924.0,51583.0,15710.0,23233.0,,,,,
MARSDEN PARK,Blacktown (C),4869,1061.0,54196.0,1248.0,26556.0,,,,,
MARSFIELD,Ryde (C),3330,14879.0,19442.0,1808.0,3282.0,,,,,
MASCOT,Botany Bay (C),9045,12984.0,32861.0,44151.0,59730.0,,,,,
MATRAVILLE,Randwick (C),3636,9423.0,13852.0,6216.0,8621.0,,,,,
MAYS HILL,Cumberland (A),288,797.0,1762.0,366.0,619.0,,,,,
MCGRATHS HILL,Hawkesbury (C),333,2692.0,4465.0,548.0,1119.0,,,,,
MCMAHONS POINT,North Sydney (A),1246,2868.0,3406.0,2170.0,3140.0,McMahons Point,North Sydney Council area,2495.0,2644.0,
MEADOWBANK,Ryde (C),3474,5866.0,9815.0,1475.0,2562.0,,,,,
MEGALONG VALLEY,Blue Mountains (C),144,2714.0,3214.0,882.0,1146.0,,,,,
MELROSE PARK,Parramatta (C),192,7.0,996.0,2757.0,3250.0,,,,,
MENAI,Sutherland Shire (A),3825,10792.0,13810.0,3243.0,5086.0,,,,,
MENANGLE,Wollondilly (A),253,805.0,1096.0,412.0,2947.0,,,,,
MENANGLE PARK,Campbelltown (C) (NSW),1564,308.0,6417.0,109.0,1036.0,Menangle Park,Campbelltown City,259.0,10818.0,
MERRYLANDS,Cumberland (A),12108,29915.0,52062.0,6412.0,10489.0,,,,,
MERRYLANDS WEST,Cumberland (A),75,7242.0,9878.0,1286.0,2207.0,Merrylands West,Cumberland Council area,6844.0,7805.0,
MIDDLE COVE,Willoughby (C),786,1256.0,1414.0,254.0,370.0,,,,,
MIDDLE DURAL,The Hills Shire (A),1272,1814.0,2010.0,469.0,622.0,,,,,
MIDDLETON GRANGE,Liverpool (C),957,5405.0,22111.0,552.0,1220.0,Middleton Grange,Liverpool City,5358.0,,8132.0
MILLER,Liverpool (C),331,3346.0,16910.0,924.0,2915.0,Miller,Liverpool City,3252.0,,5620.0
MILLERS POINT,Sydney (C),1956,1493.0,2347.0,3022.0,4944.0,,,,,
MILPERRA,Canterbury-Bankstown (A),3666,4085.0,6780.0,5558.0,6955.0,Milperra,City of Canterbury Bankstown,4041.0,5947.0,
MILSONS POINT,North Sydney (A),1122,2283.0,3918.0,3895.0,6099.0,,,,,
MINCHINBURY,Blacktown (C),2648,5812.0,6658.0,7049.0,9427.0,Minchinbury,Blacktown City,5765.0,5936.0,
MINTO,Campbelltown (C) (NSW),3556,12938.0,20068.0,9098.0,12745.0,Minto,Campbelltown City,12856.0,14845.0,
MIRANDA,Sutherland Shire (A),4893,16106.0,28770.0,12375.0,17487.0,Miranda,Sutherland Shire,16137.0,23582.0,
MONA VALE,Northern Beaches (A),3876,9339.0,14422.0,6962.0,10679.0,Mona Vale,Northern Beaches Council area,10936.0,11187.0,
MONTEREY,Rockdale (C),1756,4810.0,5624.0,302.0,490.0,,,,,
MOORE PARK,Sydney (C),2948,2590.0,3426.0,4691.0,7414.0,,,,,
MOOREBANK,Liverpool (C),2296,10087.0,27808.0,10502.0,13839.0,Moorebank,Liverpool City,10814.0,,24417.0
MORTDALE,Georges River (A),4995,11309.0,14395.0,2304.0,3505.0,Mortdale,Georges River Council area,10768.0,11781.0,
MOSMAN,Mosman (A),4112,30260.0,38796.0,10319.0,15595.0,,,,,
MOUNT ANNAN,Camden (A),1664,11249.0,12116.0,1778.0,3528.0,Mount Annan,Camden Council,11968.0,10642.0,
MOUNT COLAH,Hornsby (A),1077,7315.0,10722.0,864.0,1371.0,,,,,
MOUNT DRUITT,Blacktown (C),4648,17302.0,29747.0,7516.0,12381.0,Mount Druitt,Blacktown City,17219.0,21860.0,
MOUNT HUNTER,Wollondilly (A),861,1313.0,1321.0,118.0,146.0,,,,,
MOUNT KURING-GAI,Hornsby (A),362,1724.0,2163.0,2324.0,2644.0,,,,,
MOUNT LEWIS,Canterbury-Bankstown (A),1194,4053.0,5135.0,409.0,568.0,,,,,
MOUNT PRITCHARD,Fairfield (C),4132,10272.0,12957.0,1320.0,1617.0,Mount Pritchard,Fairfield City,9837.0,10108.0,
MOUNT RIVERVIEW,Blue Mountains (C),432,3100.0,3367.0,216.0,311.0,Mount Riverview,Blue Mountains City,3094.0,3082.0,
MOUNT VERNON,Penrith (C),881,1248.0,1287.0,218.0,366.0,,,,,
MOUNT VICTORIA,Blue Mountains (C),826,1049.0,1218.0,277.0,329.0,,,,,
MULGOA,Penrith (C),2968,1837.0,3346.0,642.0,1137.0,,,,,
MULGRAVE,Hawkesbury (C),398,95.0,120.0,2964.0,5406.0,,,,,
NARELLAN,Camden (A),1428,3105.0,21536.0,3120.0,10273.0,,,,,
NARELLAN VALE,Camden (A),882,8166.0,8812.0,895.0,1720.0,Narellan Vale,Camden Council,7381.0,6713.0,
NAREMBURN,Willoughby (C),246,5827.0,6882.0,1456.0,1825.0,Naremburn,Willoughby City,6195.0,7019.0,
NARRABEEN,Northern Beaches (A),929,4516.0,6406.0,1554.0,2309.0,Narrabeen,Northern Beaches Council area,8538.0,10516.0,
NARRAWEENA,Northern Beaches (A),202,5417.0,7122.0,725.0,1161.0,Narraweena,Northern Beaches Council area,6755.0,7972.0,
NARWEE,Canterbury-Bankstown (A),796,3246.0,4046.0,294.0,426.0,,,,,
NELSON,The Hills Shire (A),1291,471.0,594.0,149.0,363.0,,,,,
NEUTRAL BAY,North Sydney (A),2988,9639.0,13246.0,5085.0,7801.0,,,,,
NEWINGTON,Parramatta (C),1888,6852.0,8349.0,1137.0,1806.0,Newington,City of Parramatta,6066.0,,5821.0
NEWPORT,Northern Beaches (A),3040,10498.0,13562.0,2501.0,4038.0,Newport,Northern Beaches Council area,9854.0,10066.0,
NEWTOWN,Inner West (A),1780,8566.0,11327.0,2710.0,4071.0,Newtown,Inner West Council area,8411.0,8517.0,
NEWTOWN,Sydney (C),1784,7334.0,8185.0,3886.0,5756.0,,,,,
NORMANHURST,Hornsby (A),2271,6132.0,8103.0,1248.0,2109.0,Normanhurst,Hornsby Shire,5537.0,6000.0,
NORTH BALGOWLAH,Northern Beaches (A),1233,3336.0,3586.0,422.0,683.0,North Balgowlah,Northern Beaches Council area,3825.0,3832.0,
NORTH BONDI,Waverley (A),3621,12031.0,14740.0,2045.0,3158.0,,,,,
NORTH CURL CURL,Northern Beaches (A),1010,4108.0,4430.0,978.0,1441.0,,,,,
NORTH EPPING,Hornsby (A),1920,4694.0,5827.0,450.0,763.0,North Epping,Hornsby Shire,4694.0,4857.0,
NORTH KELLYVILLE,The Hills Shire (A),2785,4904.0,28187.0,746.0,2464.0,North Kellyville,The Hills Shire,3613.0,17158.0,
NORTH MANLY,Northern Beaches (A),2218,5169.0,5500.0,796.0,1151.0,North Manly,Northern Beaches Council area,3216.0,3478.0,
NORTH NARRABEEN,Northern Beaches (A),956,5197.0,6551.0,1014.0,1533.0,North Narrabeen,Northern Beaches Council area,6053.0,6024.0,
NORTH PARRAMATTA,Parramatta (C),11330,15473.0,32462.0,6310.0,11449.0,North Parramatta,City of Parramatta,13879.0,,17189.0
NORTH RICHMOND,Hawkesbury (C),998,5124.0,6910.0,2236.0,2880.0,,,,,
NORTH ROCKS,Parramatta (C),5915,8178.0,13710.0,4305.0,6492.0,North Rocks,City of Parramatta,7995.0,,9936.0
NORTH RYDE,Ryde (C),8712,10572.0,23825.0,14148.0,22660.0,,,,,
NORTH ST MARYS,Penrith (C),1314,4019.0,7003.0,1756.0,4215.0,,,,,
NORTH STRATHFIELD,Canada Bay (A),7116,3763.0,13833.0,2666.0,5157.0,,,,,
NORTH SYDNEY,North Sydney (A),12838,7674.0,18724.0,52012.0,78719.0,North Sydney,North Sydney Council area,8152.0,11622.0,
NORTH TURRAMURRA,Ku-ring-gai (A),108,4348.0,6232.0,1531.0,2436.0,,,,,
NORTH WAHROONGA,Ku-ring-gai (A),616,2435.0,2931.0,250.0,387.0,,,,,
NORTH WILLOUGHBY,Willoughby (C),286,5733.0,6843.0,1815.0,2440.0,,,,,
NORTHBRIDGE,Willoughby (C),1218,6630.0,8812.0,2086.0,2669.0,Northbridge,Willoughby City,6677.0,7430.0,
NORTHMEAD,Parramatta (C),2793,13038.0,19689.0,5424.0,8154.0,Northmead,City of Parramatta,11333.0,,20105.0
NORTHWOOD,Lane Cove (A),624,1013.0,1477.0,162.0,209.0,,,,,
NORWEST,The Hills Shire (A),348,1217.0,19561.0,11018.0,23802.0,,,,,
OAKDALE,Wollondilly (A),736,5068.0,5571.0,1031.0,1360.0,,,,,
OAKHURST,Blacktown (C),1812,7158.0,8233.0,453.0,677.0,Oakhurst,Blacktown City,7157.0,7594.0,
OAKVILLE,Hawkesbury (C),1194,1685.0,1655.0,805.0,1607.0,,,,,
OATLANDS,Parramatta (C),2034,5503.0,8811.0,824.0,1392.0,Oatlands,City of Parramatta,5915.0,,6835.0
OATLEY,Georges River (A),5055,10417.0,15341.0,1784.0,2827.0,Oatley,Georges River Council area,10937.0,11485.0,
OLD GUILDFORD,Fairfield (C),1264,4364.0,5930.0,1406.0,2242.0,,,,,
ORAN PARK,Camden (A),4417,4895.0,40791.0,1053.0,13205.0,,,,,
ORANGEVILLE,Wollondilly (A),425,2934.0,2944.0,576.0,811.0,,,,,
ORCHARD HILLS,Penrith (C),2344,1946.0,42586.0,1353.0,6924.0,,,,,
OXFORD FALLS,Northern Beaches (A),2286,3036.0,4413.0,990.0,1542.0,,,,,
OXLEY PARK,Penrith (C),62,3255.0,6899.0,292.0,609.0,,,,,
OYSTER BAY,Sutherland Shire (A),2008,5317.0,6786.0,463.0,739.0,Oyster Bay,Sutherland Shire,5606.0,5499.0,
PADDINGTON,Sydney (C),4524,3132.0,3662.0,2164.0,3560.0,,,,,
PADDINGTON,Woollahra (A),6792,10559.0,11868.0,4129.0,5671.0,,,,,
PADSTOW,Canterbury-Bankstown (A),3840,14490.0,20595.0,8151.0,10263.0,,,,,
PADSTOW HEIGHTS,Canterbury-Bankstown (A),565,2633.0,3544.0,265.0,396.0,,,,,
PAGEWOOD,Botany Bay (C),1350,3961.0,7295.0,1556.0,2294.0,,,,,
PALM BEACH,Northern Beaches (A),1175,1869.0,2493.0,861.0,1284.0,,,,,
PANANIA,Canterbury-Bankstown (A),3822,15092.0,20583.0,1780.0,2482.0,,,,,
PARKLEA,Blacktown (C),1604,2905.0,4161.0,558.0,1272.0,,,,,
PARRAMATTA,Parramatta (C),13664,25873.0,71255.0,54000.0,133401.0,Parramatta,City of Parramatta,26796.0,,78636.0
PEAKHURST,Georges River (A),6560,10358.0,17120.0,5810.0,7552.0,Peakhurst,Georges River Council area,10859.0,14665.0,
PEAKHURST HEIGHTS,Georges River (A),954,2429.0,3790.0,340.0,585.0,Peakhurst Heights,Georges River Council area,2419.0,2573.0,
PEMULWUY,Cumberland (A),2664,5189.0,10622.0,4233.0,5905.0,Pemulwuy,Cumberland Council area,5205.0,5208.0,
PENDLE HILL,Cumberland (A),1389,6449.0,8802.0,1152.0,1887.0,Pendle Hill,Cumberland Council area,6027.0,11222.0,
PENDLE HILL,Parramatta (C),464,1112.0,1664.0,1144.0,1710.0,,,,,
PENNANT HILLS,Hornsby (A),5328,8380.0,12645.0,3882.0,6286.0,Pennant Hills,Hornsby Shire,7567.0,9129.0,
PENRITH,Penrith (C),7579,13782.0,36156.0,23501.0,37879.0,,,,,
PENSHURST,Georges River (A),1895,13983.0,17030.0,1816.0,2874.0,Penshurst,Georges River Council area,13248.0,14664.0,
PETERSHAM,Inner West (A),856,9690.0,15245.0,2598.0,4331.0,Petersham,Inner West Council area,8522.0,10318.0,
PHILLIP BAY,Randwick (C),928,2682.0,3735.0,281.0,464.0,,,,,
PICNIC POINT,Canterbury-Bankstown (A),1392,5230.0,7573.0,598.0,854.0,Picnic Point,City of Canterbury Bankstown,6212.0,6486.0,
PICTON,Wollondilly (A),823,4627.0,6854.0,2834.0,5253.0,,,,,
PITT TOWN,Hawkesbury (C),2190,3384.0,5086.0,723.0,1430.0,,,,,
PLEASURE POINT,Liverpool (C),717,1161.0,2276.0,156.0,250.0,,,,,
PLUMPTON,Blacktown (C),2166,9525.0,12844.0,1601.0,2290.0,Plumpton,Blacktown City,9453.0,11537.0,
POINT PIPER,Woollahra (A),566,2312.0,2719.0,1201.0,1758.0,,,,,
PORT BOTANY,Randwick (C),805,0.0,0.0,1808.0,2053.0,,,,,
PORT HACKING,Sutherland Shire (A),953,1828.0,2396.0,255.0,408.0,,,,,
POTTS HILL,Canterbury-Bankstown (A),442,939.0,1644.0,947.0,1878.0,,,,,
POTTS POINT,Sydney (C),1302,8679.0,11555.0,8395.0,12150.0,,,,,
PRAIRIEWOOD,Fairfield (C),1524,3362.0,5743.0,3468.0,5773.0,Prairiewood,Fairfield City,3355.0,4040.0,
PRESTONS,Liverpool (C),4617,15884.0,21793.0,11169.0,15079.0,Prestons,Liverpool City,15895.0,,13365.0
PROSPECT,Blacktown (C),1905,4887.0,6436.0,5710.0,8304.0,,,,,
PUNCHBOWL,Canterbury-Bankstown (A),4860,20662.0,39177.0,3177.0,4979.0,Punchbowl,City of Canterbury Bankstown,21154.0,30334.0,
PUTNEY,Ryde (C),10,4273.0,6546.0,731.0,1218.0,,,,,
PYMBLE,Ku-ring-gai (A),6220,11508.0,18970.0,5666.0,8547.0,,,,,
PYRMONT,Sydney (C),8368,13674.0,20645.0,24621.0,37662.0,,,,,
QUAKERS HILL,Blacktown (C),8424,29273.0,42975.0,3858.0,9599.0,Quakers Hill,Blacktown City,27900.0,33431.0,
QUEENS PARK,Waverley (A),99,3295.0,4252.0,852.0,1422.0,,,,,
QUEENSCLIFF,Northern Beaches (A),904,4530.0,4936.0,561.0,811.0,Queenscliff,Northern Beaches Council area,3605.0,3771.0,
RABY,Campbelltown (C) (NSW),114,6100.0,9987.0,555.0,734.0,Raby,Campbelltown City,6109.0,5962.0,
RAMSGATE,Rockdale (C),17,2839.0,3860.0,197.0,326.0,,,,,
RANDWICK,Randwick (C),5460,31807.0,51673.0,18397.0,31339.0,,,,,
RAZORBACK,Wollondilly (A),1480,1502.0,7930.0,400.0,1656.0,,,,,
REDFERN,Sydney (C),5577,13975.0,22202.0,8057.0,16305.0,,,,,
REGENTS PARK,Canterbury-Bankstown (A),1254,729.0,1520.0,771.0,1079.0,,,,,
REGENTS PARK,Cumberland (A),2510,4515.0,5703.0,2562.0,3957.0,Regents Park,Cumberland Council area,4548.0,5074.0,
REGENTVILLE,Penrith (C),540,654.0,1146.0,623.0,1189.0,,,,,
REVESBY,Canterbury-Bankstown (A),3872,14365.0,20163.0,7301.0,9349.0,,,,,
REVESBY HEIGHTS,Canterbury-Bankstown (A),871,2470.0,3382.0,225.0,334.0,,,,,
RHODES,Canada Bay (A),3095,12567.0,24103.0,12624.0,23527.0,Rhodes,City of Canada Bay,12515.0,20031.0,
RICHMOND,Hawkesbury (C),5188,5505.0,8579.0,6893.0,10000.0,,,,,
RIVERSTONE,Blacktown (C),6413,7434.0,51544.0,4171.0,12495.0,,,,,
RIVERVIEW,Lane Cove (A),396,3501.0,5134.0,793.0,1429.0,,,,,
RIVERWOOD,Canterbury-Bankstown (A),2394,6644.0,14049.0,2669.0,3274.0,Riverwood,City of Canterbury Bankstown,6684.0,15467.0,
RIVERWOOD,Georges River (A),1598,6186.0,8715.0,1622.0,2345.0,Riverwood,Georges River Council area,6155.0,7965.0,
ROCKDALE,Rockdale (C),7280,17313.0,27856.0,6272.0,9549.0,,,,,
RODD POINT,Canada Bay (A),589,3018.0,3362.0,319.0,551.0,,,,,
ROOKWOOD,Cumberland (A),1321,3.0,6.0,182.0,298.0,,,,,
ROOTY HILL,Blacktown (C),4662,16046.0,23588.0,3926.0,5981.0,,,,,
ROPES CROSSING,Blacktown (C),1706,6324.0,13617.0,552.0,734.0,Ropes Crossing,Blacktown City,6356.0,6680.0,
ROSE BAY,Waverley (A),310,3383.0,4039.0,635.0,1000.0,,,,,
ROSE BAY,Woollahra (A),933,7776.0,9744.0,3232.0,4375.0,,,,,
ROSEBERY,Botany Bay (C),226,2913.0,5739.0,715.0,1372.0,,,,,
ROSEBERY,Sydney (C),1589,7816.0,22243.0,6291.0,9061.0,,,,,
ROSEHILL,Parramatta (C),1820,3280.0,22687.0,5671.0,10671.0,Rosehill,City of Parramatta,4006.0,,5330.0
ROSELANDS,Canterbury-Bankstown (A),1916,13567.0,17843.0,3320.0,5165.0,Roselands,City of Canterbury Bankstown,11904.0,14114.0,
ROSEMEADOW,Campbelltown (C) (NSW),2349,8198.0,13320.0,1211.0,1767.0,Rosemeadow,Campbelltown City,8113.0,8692.0,
ROSEVILLE,Ku-ring-gai (A),2274,6236.0,11621.0,1469.0,2318.0,,,,,
ROSEVILLE,Willoughby (C),2276,3801.0,4562.0,654.0,784.0,Roseville,Willoughby City,2493.0,3231.0,
ROSEVILLE CHASE,Ku-ring-gai (A),1165,3249.0,3810.0,479.0,741.0,,,,,
ROSSMORE,Camden (A),278,580.0,10542.0,236.0,2200.0,,,,,
ROSSMORE,Liverpool (C),560,1789.0,24678.0,587.0,2639.0,,,,,
ROUSE HILL,Blacktown (C),1295,462.0,25774.0,378.0,2853.0,,,,,
ROUSE HILL,The Hills Shire (A),1300,8284.0,20733.0,4479.0,13904.0,Rouse Hill,The Hills Shire,8389.0,15023.0,
ROYAL NATIONAL PARK,Sutherland Shire (A),3564,552.0,854.0,204.0,297.0,,,,,
ROZELLE,Inner West (A),11943,9149.0,19277.0,4320.0,14387.0,Rozelle,Inner West Council area,9348.0,9429.0,
RUSE,Campbelltown (C) (NSW),496,5736.0,9233.0,450.0,550.0,Ruse,Campbelltown City,5707.0,5958.0,
RUSHCUTTERS BAY,Sydney (C),179,4064.0,4550.0,910.0,1374.0,,,,,
RUSSELL LEA,Canada Bay (A),224,3684.0,4221.0,373.0,626.0,,,,,
RYDALMERE,Parramatta (C),2412,7306.0,10744.0,10902.0,14400.0,Rydalmere,City of Parramatta,6883.0,,10686.0
RYDE,Ryde (C),8340,28307.0,50699.0,8846.0,14254.0,,,,,
SADLEIR,Liverpool (C),225,3249.0,5624.0,238.0,829.0,Sadleir,Liverpool City,3201.0,,3277.0
SANDRINGHAM,Rockdale (C),980,3173.0,3643.0,362.0,614.0,,,,,
SANS SOUCI,Georges River (A),1064,2723.0,4429.0,747.0,1156.0,Sans Souci,Georges River Council area,2703.0,3253.0,
SANS SOUCI,Rockdale (C),2130,8043.0,10260.0,1548.0,2554.0,,,,,
SCHOFIELDS,Blacktown (C),2816,4039.0,55079.0,1550.0,5340.0,,,,,
SCOTLAND ISLAND,Northern Beaches (A),42,599.0,1489.0,87.0,138.0,,,,,
SEAFORTH,Northern Beaches (A),24,7458.0,10067.0,1636.0,1861.0,Seaforth,Northern Beaches Council area,7542.0,7713.0,
SEFTON,Canterbury-Bankstown (A),1138,6154.0,9585.0,1488.0,1998.0,Sefton,City of Canterbury Bankstown,5985.0,7361.0,
SEVEN HILLS,Blacktown (C),3612,20533.0,32427.0,17006.0,19642.0,Seven Hills,Blacktown City,20095.0,23836.0,
SHALVEY,Blacktown (C),626,3568.0,4287.0,277.0,445.0,Shalvey,Blacktown City,3559.0,3460.0,
SHANES PARK,Blacktown (C),3867,415.0,558.0,245.0,2014.0,,,,,
SILVERDALE,Wollondilly (A),460,5337.0,9144.0,1119.0,1639.0,,,,,
SILVERWATER,Parramatta (C),1925,3571.0,6423.0,14322.0,23467.0,Silverwater,City of Parramatta,4350.0,,5067.0
SMEATON GRANGE,Camden (A),44,65.0,1892.0,7506.0,12990.0,,,,,
SMITHFIELD,Cumberland (A),2152,12.0,12.0,12477.0,15424.0,,,,,
SMITHFIELD,Fairfield (C),2695,12724.0,19558.0,3579.0,4861.0,Smithfield,Fairfield City,12333.0,14617.0,
SOUTH COOGEE,Randwick (C),1476,5911.0,8708.0,629.0,1072.0,,,,,
SOUTH GRANVILLE,Cumberland (A),3129,7742.0,11284.0,936.0,1567.0,,,,,
SOUTH HURSTVILLE,Georges River (A),1174,6880.0,12907.0,1231.0,1904.0,South Hurstville,Georges River Council area,5590.0,6655.0,
SOUTH MAROOTA,The Hills Shire (A),1024,1170.0,1423.0,279.0,405.0,,,,,
SOUTH PENRITH,Penrith (C),3576,12117.0,21305.0,2277.0,3842.0,,,,,
SOUTH TURRAMURRA,Ku-ring-gai (A),190,3560.0,4249.0,536.0,855.0,,,,,
SOUTH WENTWORTHVILLE,Cumberland (A),2648,6844.0,9952.0,635.0,1032.0,South Wentworthville,Cumberland Council area,6500.0,8211.0,
SOUTH WINDSOR,Hawkesbury (C),2128,6757.0,8908.0,4033.0,4974.0,,,,,
SPRING FARM,Camden (A),3852,4425.0,52616.0,882.0,1637.0,Spring Farm,Camden Council,4392.0,11306.0,
SPRINGWOOD,Blue Mountains (C),3145,11994.0,13704.0,3356.0,4627.0,,,,,
ST ANDREWS,Campbelltown (C) (NSW),327,4243.0,6943.0,325.0,491.0,,,,,
ST CLAIR,Penrith (C),4008,20548.0,33262.0,2195.0,3136.0,,,,,
ST HELENS PARK,Campbelltown (C) (NSW),912,6807.0,10293.0,371.0,531.0,St Helens Park,Campbelltown City,6717.0,7874.0,
ST IVES,Ku-ring-gai (A),5852,17926.0,24599.0,4680.0,7219.0,,,,,
ST IVES CHASE,Ku-ring-gai (A),1015,3267.0,3884.0,277.0,442.0,,,,,
ST JOHNS PARK,Fairfield (C),1704,6291.0,8465.0,716.0,1196.0,St Johns Park,Fairfield City,6350.0,6680.0,
ST LEONARDS,Lane Cove (A),2322,1639.0,6404.0,7639.0,9333.0,,,,,
ST LEONARDS,North Sydney (A),2324,3460.0,7383.0,6508.0,7838.0,,,,,
ST LEONARDS,Willoughby (C),2326,1429.0,3490.0,11109.0,12614.0,St Leonards,Willoughby City,2329.0,4483.0,
ST MARYS,Penrith (C),3816,12477.0,35351.0,10178.0,24414.0,,,,,
ST PETERS,Inner West (A),1290,3294.0,7672.0,3151.0,4460.0,,,,,
ST PETERS,Sydney (C),431,16.0,24.0,1183.0,1583.0,,,,,
STANHOPE GARDENS,Blacktown (C),5635,12825.0,16280.0,2330.0,5648.0,,,,,
STANMORE,Inner West (A),3714,7525.0,9523.0,2486.0,4169.0,Stanmore,Inner West Council area,8320.0,9221.0,
STRATHFIELD,Burwood (A),3921,5057.0,7907.0,2201.0,4017.0,,,,,
STRATHFIELD,Canada Bay (A),1308,2794.0,4767.0,178.0,587.0,,,,,
STRATHFIELD,Strathfield (A),13100,18443.0,26845.0,6481.0,9901.0,,,,,
STRATHFIELD SOUTH,Strathfield (A),2588,3743.0,5157.0,3380.0,5079.0,,,,,
SUMMER HILL,Inner West (A),4928,7314.0,10566.0,2179.0,3586.0,Summer Hill,Inner West Council area,7666.0,9076.0,
SUN VALLEY,Blue Mountains (C),236,1231.0,1532.0,295.0,343.0,,,,,
SURRY HILLS,Sydney (C),19695,17745.0,22200.0,34718.0,52753.0,,,,,
SUTHERLAND,Sutherland Shire (A),6130,12067.0,18638.0,5721.0,10249.0,Sutherland,Sutherland Shire,11231.0,15945.0,
SYDENHAM,Inner West (A),325,2556.0,3040.0,751.0,1041.0,,,,,
SYDNEY,Sydney (C),108360,19624.0,30759.0,324939.0,501862.0,,,,,
SYDNEY OLYMPIC PARK,Parramatta (C),5008,1841.0,34766.0,13188.0,30860.0,,,,,
SYLVANIA,Sutherland Shire (A),4252,11561.0,17321.0,2850.0,4282.0,,,,,
SYLVANIA WATERS,Sutherland Shire (A),127,2422.0,3372.0,265.0,385.0,,,,,
TAHMOOR,Wollondilly (A),1642,5100.0,8836.0,1422.0,2664.0,Tahmoor,Wollondilly Shire,5174.0,,7456.0
TAMARAMA,Waverley (A),803,3142.0,3927.0,543.0,829.0,,,,,
TAREN POINT,Sutherland Shire (A),440,2772.0,3869.0,3881.0,4756.0,,,,,
TELOPEA,Parramatta (C),116,8095.0,17060.0,818.0,1331.0,Telopea,City of Parramatta,5730.0,,16970.0
TEMPE,Inner West (A),732,2414.0,3004.0,1987.0,2930.0,Tempe,Inner West Council area,3782.0,3803.0,
TENNYSON POINT,Ryde (C),621,2321.0,5160.0,1208.0,1776.0,,,,,
THE PONDS,Blacktown (C),6645,10550.0,26285.0,513.0,1906.0,The Ponds,Blacktown City,10164.0,9872.0,
THE ROCKS,Sydney (C),3816,839.0,1337.0,13610.0,19613.0,,,,,
THIRLMERE,Wollondilly (A),1644,4864.0,12621.0,740.0,1314.0,,,,,
THORNLEIGH,Hornsby (A),1612,9177.0,12717.0,4575.0,6979.0,Thornleigh,Hornsby Shire,8737.0,10649.0,
TOONGABBIE,Blacktown (C),1802,7667.0,12740.0,1430.0,2277.0,Toongabbie,Blacktown City,5127.0,5690.0,
TOONGABBIE,Parramatta (C),3612,9826.0,12879.0,914.0,1458.0,Toongabbie,City of Parramatta,7657.0,,8534.0
TREGEAR,Blacktown (C),1149,3997.0,5059.0,251.0,361.0,Tregear,Blacktown City,4012.0,4235.0,
TURRAMURRA,Ku-ring-gai (A),5585,12029.0,19460.0,2595.0,3909.0,,,,,
TURRELLA,Rockdale (C),1042,1869.0,4289.0,1034.0,1290.0,,,,,
ULTIMO,Sydney (C),3980,9435.0,16315.0,19348.0,29339.0,,,,,
VARROVILLE,Campbelltown (C) (NSW),650,122.0,137.0,218.0,293.0,,,,,
VAUCLUSE,Waverley (A),374,3075.0,3926.0,343.0,527.0,,,,,
VAUCLUSE,Woollahra (A),1125,6028.0,6931.0,1438.0,2003.0,,,,,
VILLAWOOD,Canterbury-Bankstown (A),2031,3656.0,6900.0,5364.0,5960.0,Villawood,City of Canterbury Bankstown,4153.0,4671.0,
VILLAWOOD,Fairfield (C),2034,3007.0,7440.0,709.0,1191.0,Villawood,Fairfield City,2078.0,4818.0,
VINEYARD,Blacktown (C),2392,163.0,3883.0,178.0,863.0,,,,,
VINEYARD,Hawkesbury (C),2394,1032.0,5303.0,537.0,853.0,,,,,
VOYAGER POINT,Liverpool (C),1268,1722.0,3504.0,101.0,181.0,,,,,
WAHROONGA,Hornsby (A),2184,5391.0,7963.0,1884.0,3021.0,Wahroonga,Hornsby Shire,4515.0,5556.0,
WAHROONGA,Ku-ring-gai (A),4374,13979.0,19032.0,6490.0,10468.0,,,,,
WAITARA,Hornsby (A),1950,4519.0,9673.0,860.0,1359.0,Waitara,Hornsby Shire,5900.0,9407.0,
WAKELEY,Fairfield (C),1826,4884.0,6180.0,953.0,1684.0,Wakeley,Fairfield City,4935.0,4984.0,
WALLACIA,Liverpool (C),231,253.0,838.0,159.0,214.0,,,,,
WALLACIA,Penrith (C),232,1544.0,1779.0,281.0,438.0,,,,,
WAREEMBA,Canada Bay (A),648,3303.0,4051.0,489.0,836.0,,,,,
WARRAWEE,Ku-ring-gai (A),69,2021.0,4086.0,331.0,531.0,,,,,
WARRIEWOOD,Northern Beaches (A),3745,10718.0,16367.0,7419.0,10231.0,Warriewood,Northern Beaches Council area,7859.0,9817.0,
WARRIMOO,Blue Mountains (C),526,2516.0,3038.0,307.0,438.0,Warrimoo,Blue Mountains City,2454.0,2305.0,
WARWICK FARM,Liverpool (C),3213,6058.0,23971.0,4115.0,6283.0,Warwick Farm,Liverpool City,6218.0,,15140.0
WATERLOO,Sydney (C),2536,15545.0,30239.0,6237.0,8755.0,,,,,
WATSONS BAY,Woollahra (A),209,905.0,987.0,926.0,1505.0,,,,,
WATTLE GROVE,Liverpool (C),33,10969.0,13402.0,1065.0,1982.0,Wattle Grove,Liverpool City,8499.0,,8079.0
WAVERLEY,Waverley (A),1546,4653.0,5924.0,1960.0,3186.0,,,,,
WAVERTON,North Sydney (A),1186,4259.0,5643.0,1099.0,1615.0,Waverton,North Sydney Council area,3243.0,3410.0,
WEDDERBURN,Campbelltown (C) (NSW),830,647.0,662.0,165.0,206.0,,,,,
WENTWORTH FALLS,Blue Mountains (C),3147,6194.0,6927.0,1312.0,1865.0,Wentworth Falls,Blue Mountains City,6248.0,6559.0,
WENTWORTH POINT,Parramatta (C),3462,7312.0,23295.0,343.0,551.0,Wentworth Point,City of Parramatta,7322.0,,18580.0
WENTWORTHVILLE,Cumberland (A),1075,8155.0,14978.0,2222.0,3655.0,Wentworthville,Cumberland Council area,7689.0,14760.0,
WENTWORTHVILLE,Parramatta (C),432,4725.0,7169.0,487.0,803.0,,,,,
WERRINGTON,Penrith (C),1635,4134.0,11161.0,1238.0,2580.0,,,,,
WERRINGTON COUNTY,Penrith (C),82,3813.0,8132.0,587.0,1017.0,,,,,
WERRINGTON DOWNS,Penrith (C),38,3335.0,6240.0,9.0,16.0,,,,,
WEST HOXTON,Liverpool (C),2688,10404.0,14976.0,1128.0,2727.0,West Hoxton,Liverpool City,10380.0,,9345.0
WEST PENNANT HILLS,Hornsby (A),744,3588.0,4584.0,684.0,1146.0,West Pennant Hills,Hornsby Shire,4103.0,4815.0,
WEST PENNANT HILLS,The Hills Shire (A),4476,13183.0,22659.0,3424.0,7181.0,West Pennant Hills,The Hills Shire,13224.0,17123.0,
WEST PYMBLE,Ku-ring-gai (A),1216,5504.0,6535.0,928.0,1435.0,,,,,
WEST RYDE,Ryde (C),7546,14396.0,21220.0,4921.0,8111.0,,,,,
WESTLEIGH,Hornsby (A),1840,3810.0,4808.0,392.0,607.0,Westleigh,Hornsby Shire,4608.0,4745.0,
WESTMEAD,Cumberland (A),1686,7227.0,11636.0,535.0,900.0,,,,,
WESTMEAD,Parramatta (C),3378,9504.0,14199.0,15140.0,30474.0,Westmead,City of Parramatta,9500.0,,23221.0
WETHERILL PARK,Fairfield (C),1980,5901.0,7384.0,23450.0,30234.0,Wetherill Park,Fairfield City,6329.0,6434.0,
WHALAN,Blacktown (C),346,6199.0,7088.0,469.0,831.0,Whalan,Blacktown City,6163.0,6265.0,
WHEELER HEIGHTS,Northern Beaches (A),965,4412.0,6427.0,1085.0,1691.0,Wheeler Heights,Northern Beaches Council area,3176.0,3203.0,
WILBERFORCE,Hawkesbury (C),1124,2337.0,3458.0,535.0,768.0,,,,,
WILEY PARK,Canterbury-Bankstown (A),5595,10685.0,18173.0,842.0,1332.0,Wiley Park,City of Canterbury Bankstown,10770.0,12331.0,
WILLMOT,Blacktown (C),761,2490.0,2976.0,19.0,24.0,Willmot,Blacktown City,2503.0,2597.0,
WILLOUGHBY,Willoughby (C),2328,5054.0,6633.0,2382.0,2839.0,Willoughby,Willoughby City,6762.0,9301.0,
WILLOUGHBY EAST,Willoughby (C),780,2475.0,3178.0,672.0,785.0,,,,,
WILTON,Wollondilly (A),160,3189.0,33447.0,603.0,4226.0,,,,,
WINDSOR,Hawkesbury (C),1129,1228.0,3767.0,3188.0,4592.0,,,,,
WINDSOR DOWNS,Hawkesbury (C),521,1220.0,1279.0,183.0,247.0,,,,,
WINMALEE,Blue Mountains (C),731,3316.0,3889.0,936.0,1191.0,,,,,
WINSTON HILLS,Parramatta (C),5575,12507.0,17182.0,3076.0,4921.0,Winston Hills,City of Parramatta,12935.0,,14278.0
WOLLI CREEK,Rockdale (C),4856,6570.0,24243.0,1161.0,3328.0,,,,,
WOLLSTONECRAFT,North Sydney (A),16,8462.0,15038.0,2802.0,4676.0,Wollstonecraft,North Sydney Council area,8774.0,9304.0,
WOMERAH,Hawkesbury (C),242,1187.0,1255.0,371.0,527.0,,,,,
WOODBINE,Campbelltown (C) (NSW),309,2817.0,5507.0,247.0,354.0,,,,,
WOODCROFT,Blacktown (C),1744,6655.0,7025.0,548.0,711.0,Woodcroft,Blacktown City,6694.0,6519.0,
WOODFORD,Blue Mountains (C),1076,1993.0,2264.0,126.0,183.0,,,,,
WOOLLAHRA,Woollahra (A),4296,8057.0,8677.0,3327.0,4559.0,,,,,
WOOLLOOMOOLOO,Sydney (C),4860,4784.0,5872.0,4472.0,6441.0,,,,,
WOOLOOWARE,Sutherland Shire (A),2662,4544.0,9030.0,1287.0,2382.0,Woolooware,Sutherland Shire,4315.0,6327.0,
WOOLWICH,Hunters Hill (A),31,844.0,998.0,450.0,672.0,,,,,
WORONORA HEIGHTS,Sutherland Shire (A),1019,3764.0,4528.0,282.0,435.0,Woronora Heights,Sutherland Shire,2931.0,2753.0,
YAGOONA,Canterbury-Bankstown (A),4408,18375.0,30108.0,1972.0,2764.0,Yagoona,City of Canterbury Bankstown,18736.0,23100.0,
YARRAWARRAH,Sutherland Shire (A),1057,3182.0,3971.0,413.0,669.0,Yarrawarrah,Sutherland Shire,2831.0,2721.0,
YELLOW ROCK,Blue Mountains (C),527,1487.0,1646.0,332.0,381.0,,,,,
YENNORA,Cumberland (A),915,14.0,14.0,3714.0,4274.0,,,,,
YOWIE BAY,Sutherland Shire (A),336,2798.0,3527.0,341.0,509.0,Yowie Bay,Sutherland Shire,3066.0,3058.0,
ZETLAND,Sydney (C),1008,10706.0,22180.0,3396.0,11614.0,,,,,
